filename,pages,parser_family,avg_chars_per_page,avg_lines_per_page,numbered_line_ratio,section_header_count,detected_sections,has_bibliography,probable_ocr_quality,notes
10 (1964) - McKay.pdf,6,narrative,2337.83,38.5,0.0087,4,"['AENEID', 'BIBLIOGRAPHY', 'COLLECTED ADDRESSES', 'TEXTS AND TRANSLATIONS']",True,excellent,[]
11 (1965) - McKay.pdf,9,enumerated,2548.22,35.33,0.1698,7,"['ADDENDA', 'ECLOGUES AND GEORGIOS', 'GENERAL STUDIES', 'IUSSU IMP CAE SARIS DIVI F', 'PRAEF FABR CAESARIS DIVI F', 'TEXTS AND TRANSLATIONS', 'THE AENEID']",True,excellent,[]
12 (1966) - McKay.pdf,8,narrative,2503.5,69.25,0.0054,6,"['AENEID', 'APPENDIX VERGILIANA, VITAE', 'ECLOGUES', 'GENERAL STUDIES, REVIEWS, TRANSLATIONS', 'GEORGICS', 'VERGILIUS']",True,excellent,[]
13 (1967) - McKay.pdf,8,enumerated,2090.38,39.38,0.1714,6,"['AENEID', 'APPEND', 'BIBLIOGRAPHY', 'ECLOGUES', 'GENERAL STUDIES, TRANSLATIONS, CLASSICAL TRADITION,', 'GEORGICS']",True,excellent,[]
14 (1968) - McKay.pdf,13,narrative,2008.62,41.08,0.0075,7,"['AENEID', 'BIBLIOGRAPHY', 'ECLOGUES', 'GENERAL STUDIES, TRANSLATIONS, CLASSICAL TRADITION,', 'GEORGICS', 'VERGILIAN', 'VERGILIUS']",True,excellent,[]
15 (1969) - McKay.pdf,12,narrative,2269.17,42.83,0.0058,10,"['ADDENDA', 'AENEID', 'APPENDIX VERGILIANA, SERVIUS', 'BIBLIOGRAPHY', 'ECLOGUES', 'GENERAL STUDIES, TRANSLATIONS, CLASSICAL TRADITION, ARCHAEOLOGY', 'GEORGICS', 'INTRODUCTION', 'VERGILIAN', 'VERGILIUS']",True,excellent,[]
16 (1970) - McKay.pdf,8,narrative,2702.25,50.5,0.0,10,"['AENEID', 'ANNOUNCEMENT', 'APPENDIX VERGILIANA', 'BIBLIOGRAPHY', 'ECLOGUES', 'GENERAL STUDIES, CLASSICAL TRADITION, ARCHAEOLOGY', 'GEORGICS', 'INTRODUCTION', 'VERGILIAN', 'VERGILIUS']",True,excellent,[]
17 (1971) - McKay.pdf,10,narrative,2848.5,50.4,0.0,8,"['AENEID', 'APPENDIX VERGILIANA', 'BIBLIOGRAPHY', 'ECLOGUES', 'GEORGICS', 'INTRODUCTION', 'VERGILIAN', 'VERGILIUS']",True,excellent,[]
18 (1972) - McKay.pdf,16,narrative,5450.69,132.56,0.0264,6,"['AENEID', 'APPENDIX VERGILIANA', 'ECLOGUES', 'GEORGICS', 'QUESTUS EQUINUS', 'VERGILIUS']",True,excellent,[]
19 (1973) - McKay.pdf,9,enumerated,1449.22,37.89,0.2375,8,"['ADDENDA', 'AENEID', 'APPENDIX VERGILIANA', 'ECLOGUES', 'GENERAL', 'GEORGIOS', 'VERGILI AN BIBLIOG', 'VERGILIUS']",True,excellent,[]
20 (1974) - McKay.pdf,13,enumerated,2556.46,55.85,0.0895,14,"['AENEID', 'ANCIENT AUTHORS AFTER VERGIL', 'ANCIENT COMMENTATORS', 'APPENDIX VERGILIANA', 'BOOK REVIEWS', 'ECLOGUES', 'GEORGICS', 'INTERPRETATION AND TEXT CRITICISM', 'MANUSCRIPTS', 'STYLE, LANGUAGE, METER', 'VERGIL AND EARLIER WRITERS', 'VERGIL AND HIS MILIEU', 'VERGIL AND LATER AGES', 'VERGILIUS']",True,excellent,[]
21 (1975) - McKay.pdf,10,enumerated,7051.7,171.6,0.1783,20,"['AENEID: GENERAL STUDIES', 'AENEID: GEOGRAPHY AND ARCHAEOLOGY', 'AENEID: INDIVIDUAL BOOKS', 'AENEID: RELIGION AND PHILOSOPHY', 'AENEID: STRUCTURE ,', 'ANCIENT AUTHORS AFTER VERGIL', 'ANCIENT COMMENTATORS', 'APPENDIX VERGILIANA', 'COMPUTER STUDIES', 'ECLOGUES: GENERAL STUDIES', 'ECLOGUES: INDIVIDUAL POEMS', 'GEORG ICS: GENERAL STUDIES', 'GEORGICS: INDIVIDUAL BOOKS', 'INTERPRETATION AND TEXT CRITICISM', 'MANUSCRIPTS', 'STYLE, LANGUAGE, METRE', 'VERGIL AND EARLIER WRITERS', 'VERGIL AND LATER AGES', 'VERGIL AND OTHER AUGUSTAN POETS', 'VERGILIUS']",True,excellent,[]
22 (1976) - McKay.pdf,12,enumerated,7440.92,169.83,0.1649,25,"['ANCIENT AUTHORS AFTER VERGIL', 'ANCIENT COMMENTATORS', 'APPENDIX VERGILIANA', 'BIBLIOGRAPHY', 'COMPUTER STUDIES', 'ECLOGUES: GENERAL STUDIES', 'ECLOGUES: INDIVIDUAL POEMS', 'EDITIONS', 'GEORGICS: GENERAL STUDIES', 'GEORGICS: INDIVIDUAL BOOKS', 'INTERPRETATION AND TEXT CRITICISM', 'MANUSCRIPTS', 'RELIGION AND PHILOSOPHY', 'STYLE, LANGUAGE, METER', 'THE AENEID: CHARACTERS', 'THE AENEID: GENERAL STUDIES', 'THE AENEID: GEOGRAPHY AND ARCHAEOLOGY', 'THE AENEID: INDIVIDUAL BOOKS', 'THE STRUCTURE OF THE AENEID', 'THE TROJAN LEGEND', 'VERGIL AND EARLIER WRITERS', 'VERGIL AND LATER AGES', 'VERGIL AND OTHER AUGUSTAN POETS', ""VERGIL'S LIFE AND WORKS"", 'VERGILIUS']",True,excellent,[]
23 (1977) - McKay.pdf,16,enumerated,2662.44,61.38,0.1507,25,"['ANCIENT AUTHORS AFTER VERGIL', 'APPENDIX VERGILIANA', 'BIBLIOGRAPHY', 'COMPUTER STUDIES', 'ECLOGUES: GENERAL STUDIES', 'ECLOGUES: INDIVIDUAL POEMS', 'EDITIONS, TRANSLATIONS', 'GEORGICS: GENERAL STUDIES', 'GEORGICS: INDIVIDUAL BOOKS', 'INTERPRETATION AND TEXT CRITICISM', 'LEIPZIG', 'MANUSCRIPTS', 'RELIGION AND PHILOSOPHY', 'ROME AND AUGUSTUS', 'STYLE, LANGUAGE, METRE', 'THE AENEID: CHARACTERS', 'THE AENEID: GENERAL STUDIES', 'THE AENEID: GEOGRAPHY AND ARCHAEOLOGY', 'THE AENEID: INDIVIDUAL BOOKS', 'THE TROJAN LEGEND', 'THESAURUS LINGUAE LATINAE', 'VERGIL AND EARLIER WRITERS', 'VERGIL AND LATER AGES', 'VERGIL AND OTHER AUGUSTAN POETS', 'VERGILIUS']",True,excellent,[]
24 (1978) - McKay.pdf,16,enumerated,8176.12,165.5,0.1835,21,"['AENEID: GENERAL STUDIES', 'ANCIENT AUTHORS AFTER VERGIL', 'ANCIENT LIVES', 'APPENDIX VERGILIANA', 'COMPUTER STUDIES', 'ECLOGUES: GENERAL STUDIES', 'ECLOGUES: INDIVIDUAL POEMS', 'EDITIONS AND TRANSLATIONS', 'GEORGICS: GENERAL STUDIES', 'GEORGICS: INDIVIDUAL BOOKS', 'INTERPRETATION AND TEXT CRITICISM', 'RELIGION AND PHILOSOPHY', 'ROME AND AUGUSTUS', 'STYLE AND LANGUAGE', 'THE AENEID: CHARACTERS', 'THE AENEID: GEOGRAPHY, ART & ARCHAEOLOGY', 'THE AENEID: INDIVIDUAL BOOKS', 'THE TROJ AN LEGEND', 'VERGIL AND EARLIER WRITERS', 'VERGIL AND OTHER AUGUSTAN POETS', 'VERGILIUS']",True,excellent,[]
25 (1979) - McKay.pdf,16,enumerated,2738.69,62.5,0.161,23,"['AENEID: CHARACTERS', 'AENEID: GENERAL STUDIES', 'AENEID: GEOGRAPHY, ART, AND ARCHAEOLOGY', 'AENEID: INDIVIDUAL BOOKS', 'ANCIENT AUTHORS AFTER VERGIL', 'ANCIENT LIVES', 'APPENDIX VERGILIANA', 'BIBLIOGRAPHY', 'COMPUTER STUDIES', 'ECLOGUES: GENERAL STUDIES', 'ECLOGUES: INDIVIDUAL POEMS', 'GEORGICS: GENERAL STUDIES', 'GEORGICS: INDIVIDUAL BOOKS', 'RELIGION AND PHILOSOPHY', 'ROME AND AUGUSTUS', 'STYLE, LANGUAGE, AND METRE', 'TEXTS, EDITIONS AND TRANSLATIONS', 'THE TROJAN LEGEND', 'VERGIL AND EARLIER WRITERS', 'VERGIL AND LATER AGES', 'VERGIL AND OTHER AUGUSTAN POETS', 'VERGILIAN BIBLIOGRAPHY', 'VERGILIUS']",True,excellent,[]
26 (1980) - McKay.pdf,19,enumerated,5438.42,126.37,0.1658,24,"['AENEID: CHARACTERS', 'AENEID: GENERAL STUDIES', 'AENEID: GEOGRAPHY, ART, AND ARCHAEOLOGY', 'AENEID: INDIVIDUAL BOOKS', 'ANCIENT AND MEDIAEVAL COMMENTARIES', 'ANCIENT AUTHORS AFTER VERGIL', 'ANCIENT LIVES', 'APPENDIX VERGILIANA', 'BIBLIOGRAPHY', 'ECLOGUES: GENERAL STUDIES', 'ECLOGUES: INDIVIDUAL POEMS', 'GEORGICS: GENERAL STUDIES', 'GEORGICS: INDIVIDUAL BOOKS', 'INTERPRETATION AND TEXT CRITICISM', 'RELIGION AND PHILOSOPHY', 'ROME AND AUGUSTUS', 'STYLE, LANGUAGE, AND METRE', 'TEXTS, EDITIONS, AND TRANSLATIONS', 'TROJAN LEGEND', 'VERGIL AND EARLIER WRITERS', 'VERGIL AND LATER AGES', 'VERGIL AND OTHER AUGUSTAN POETS', 'VERGILIAN BIBLIOGRAPHY', 'VERGILIUS']",True,excellent,[]
27 (1981) - McKay.pdf,16,null,2597.81,62.0,0.1512,25,"['ANCIENT AUTHORS AFTER VERGIL', 'ANCIENT LIVES', 'APPENDIX VERGILIANA', 'BIBLIOGRAPHY', 'ECLOGUES: GENERAL STUDIES', 'ECLOGUES: INDIVIDUAL POEMS', 'EDITIONS AND TRANSLATIONS', 'GEORGICS: GENERAL STUDIES', 'GEORGICS: INDIVIDUAL BOOKS', 'INTERPRETATION AND TEXT CRITICISM', 'MANUSCRIPTS', 'RELIGION AND PHILOSOPHY', 'ROME AND AUGUSTUS', 'STYLE, LANGUAGE, METRE', 'THE AENEID: CHARACTERS', 'THE AENEID: GENERAL STUDIES', 'THE AENEID: GEOGRAPHY AND ARCHAEOLOGY', 'THE AENEID: INDIVIDUAL BOOKS', 'THE AENEID: THE LEGENDS', 'VERGIL AND EARLIER WRITERS', 'VERGIL AND LATER AGES', 'VERGIL AND OTHER AUGUSTAN POETS', 'VERGILIAN BIBLIOGRAPHY XIX', 'VERGILIUS', 'VII-VIII']",False,excellent,['No bibliography detected']
28 (1982) - McKay.pdf,17,enumerated,7190.82,145.41,0.2245,22,"['AENEID: CHARACTERS', 'AENEID: GENERAL STUDIES', 'AENEID: INDIVIDUAL BOOKS', 'ANCIENT AUTHORS AFTER VERGIL', 'ANCIENT LIVES', 'APPENDIX VERGILIANA', 'BIBLIOGRAPHY', 'ECLOGUES: GENERAL STUDIES', 'ECLOGUES: INDIVIDUAL POEMS', 'EDITIONS AND TRANSLATIONS', 'GEOGRAPHY, ART AND ARCHAEOLOGY', 'GEORGICS: GENERAL STUDIES', 'GEORGICS: INDIVIDUAL BOOKS', 'INTERPRETATION AND TEXT CRITICISM', 'MANUSCRIPTS', 'RELIGION AND PHILOSOPHY', 'STYLE, LANGUAGE, METRE', 'VERGIL AND EARLIER WRITERS', 'VERGIL AND LATER AGES', 'VERGIL AND OTHER AUGUSTAN POETS', 'VERGILIAN BIBLIOGRAPHY', 'VERGILIUS']",True,excellent,[]
29 (1983) - McKay.pdf,23,enumerated,7935.48,162.17,0.2164,28,"['AENEA', 'AENEID: CHARACTERS', 'AENEID: GENERAL STUDIES', 'AENEID: GEOGRAPHY & ARCHAEOLOGY', 'AENEID: INDIVIDUAL BOOKS', 'AENEID: THE LEGENDS', 'ANCIENT AUTHORS AFTER VERGIL', 'ANCIENT COMMENTARIES', 'ANCIENT LIVES', 'APPENDIX VERGILIANA', 'BIBLIOGRAPHY', 'ECLOGUES: GENERAL STUDIES', 'ECLOGUES: INDIVIDUAL POEMS', 'EDITIONS AND TRANSLATIONS', 'GEORGICS: GENERAL STUDIES', 'GEORGICS: INDIVIDUAL BOOKS', 'INTERPRETATION AND TEXT CRITICISM', 'M AI AM', 'MANUSCRIPTS', 'RELIGION AND PHILOSOPHY', 'ROME AND AUGUSTUS', 'STYLE, LANGUAGE, METRE', 'VERGIL AND EARLIER WRITERS', 'VERGIL AND LATER AGES', 'VERGIL AND OTHER AUGUSTAN POETS', 'VERGILIAN BIBLIOGRAPHY', 'VERGILIAN BIMILLENARY: PUBLICATIONS, EXHIBITIONS', 'VERGILIUS']",True,excellent,[]
30 (1984) - McKay.pdf,18,enumerated,2786.89,50.94,0.2007,25,"['AENEID: CHARACTERS', 'AENEID: GENERAL STUDIES', 'AENEID: GEOGRAPHY & ARCHAEOLOGY', 'AENEID: INDIVIDUAL BOOKS', 'AENEID: THE LEGENDS', 'ANCIENT AUTHORS AFTER VERGIL', 'APPENDIX VERGILIANA', 'BIBLIOGRAPHY', 'ECLOGUES: GENERAL STUDIES', 'ECLOGUES: INDIVIDUAL POEMS', 'EDITIONS AND TRANSLATIONS', 'GEORGICS: GENERAL STUDIES', 'GEORGICS: INDIVIDUAL BOOKS', 'INTERPRETATION AND TEXT CRITICISM', 'MANUSCRIPTS', 'RELIGION AND PHILOSOPHY', 'ROME AND AUGUSTUS', 'STYLE, LANGUAGE, METRE', 'VE RGILIUS', 'VERGIL AND EARLIER WRITERS', 'VERGIL AND LATER AGES', 'VERGIL AND OTHER AUGUSTAN POETS', 'VERGILIAN BIBLIOGRAPHY', 'VERGILIAN BIMILLENARY PUBLICATIONS', 'VERGILIUS']",True,excellent,[]
31 (1985) - McKay.pdf,20,enumerated,2528.0,50.85,0.2075,21,"['AENEID: CHARACTERS', 'AENEID: GENERAL STUDIES', 'AENEID: GEOGRAPHY AND ARCHAEOLOGY', 'AENEID: INDIVIDUAL BOOKS', 'ANCIENT AUTHORS AFTER VERGIL', 'APPENDIX VERGILIANA', 'BIBLIOGRAPHY', 'ECLOGUES: INDIVIDUAL POEMS', 'EDITIONS AND TRANSLATIONS', 'GEORGICS: GENERAL STUDIES', 'GEORGICS: INDIVIDUAL BOOKS', 'MANUSCRIPTS', 'RELIGION AND PHILOSOPHY', 'ROME AND AUGUSTUS', 'SANDALION', 'STYLE, LANGUAGE, METRE', 'VERGIL AND EARLIER WRITERS', 'VERGIL AND LATER AGES', 'VERGIL AND OTHER AUGUSTAN POETS', 'VERGILIAN BIMILLENARY PUBLICATIONS', 'VERGILIUS']",True,excellent,[]
32 (1986) - McKay.pdf,20,enumerated,2670.25,41.9,0.321,23,"['AENEI D: INDIVIDUAL BOOKS', 'AENEID : CHARACTERS', 'AENEID : GENERAL STUDIES', 'AENEID : THE LEGENDS', 'AENEID: GEOGRAPHY AND ARCHAEOLOGY', 'ANCIENT AUTHORS AFTER VERGIL', 'ANCIENT LIVES', 'APPENDIX VERGILI AN A', 'BIBLIOGRAPHY', 'BRINDISI', 'COMPUTER STUDIES', 'ECLOGUES : INDIVIDUAL POEMS', 'EDITIONS, TRANSLATIONS AND SCHOLIA', 'GEORG ICS: GENERAL STUDIES', 'GEORGICS : INDIVIDUAL POEMS', 'MANUSCRIPTS', 'RELIGION AND PHILOSOPHY', 'ROME AND AUGUSTUS', 'STYLE, LANGUAGE, METRE', 'VERGIL AND EARLIER WRITERS', 'VERGIL AND LATER AGES', 'VERGIL AND OTHER AUGUSTAN POETS', 'VERGILIAN BIMILLENARY PUBLICATIONS']",True,excellent,[]
33 (1987) - McKay.pdf,25,enumerated,2594.0,61.08,0.0897,24,"['AENEID: CHARACTERS', 'AENEID: GENERAL STUDIES', 'AENEID: GEOGRAPHY, ART, AND ARCHAEOLOGY', 'AENEID: INDIVIDUAL BOOKS', 'AENEID: THE LEGENDS', 'ANCIENT AUTHORS AFTER VERGIL', 'APPENDIX VERGIUANA', 'BIBLIOGRAPHY', 'CONCORDANCE', 'ECLOGUES: GENERAL', 'ECLOGUES: INDIVIDUAL POEMS', 'EDITIONS AND TRANSLATIONS', 'ENCYCLOPAEDIC STUDIES', 'GEORGICS: GENERAL STUDIES', 'GEORGICS: INDIVIDUAL POEMS', 'MANUSCRIPTS', 'RELIGION AND PHILOSOPHY', 'ROME AND AUGUSTUS', 'STYLE AND LANGUAGE', 'VERGIL', 'VERGIL AND EARLIER WRITERS', 'VERGIL AND LATER AGES', 'VERGIL AND OTHER AUGUSTAN POETS', 'VERGILIAN BIMILLENARY PUBLICATIONS']",True,excellent,[]
34 (1988) - McKay.pdf,41,enumerated,2241.41,38.95,0.3456,22,"['AENEID : CHARACTERS', 'AENEID : GEOGRAPHY, ART, AND ARCHAEOLOGY', 'AENEID: GENERAL STUDIES', 'AENEID: INDIVIDUAL BOOKS', 'ANCIENT LIVES', 'APPENDIX VERGI LIANA', 'BIBLIOGRAPHY', 'COMPUTER STUDIES', 'ECLOGUES : INDIVIDUAL POEMS', 'ECLOGUES: GENERAL', 'EDITIONS AND TRANSLATIONS', 'ENCYCLOPAEDIC STUDIES', 'GEORGICS : GENERAL STUDIES', 'MANUSCRIPTS', 'MYTHS AND LEGENDS', 'RELIGION AND PHILOSOPHY', 'ROME AND AUGUSTUS', 'SCHOLIA AND COMMENTATORES', 'STYLE, LANGUAGE, METER', 'VERGIL AND EARLIER WRITERS', 'VERGIL AND OTHER AUGUSTAN POETS', 'VERGILIAN BIMILLENARY PUBLICATIONS AND COLLECTIONS']",True,excellent,[]
35 (1989) - McKay.pdf,33,enumerated,2166.33,38.24,0.3336,25,"['AENEID: CHARACTERS', 'AENEID: GENERAL STUDIES', 'AENEID: GEOGRAPHY, ART & ARCHAEOLOGY', 'AENEID: INDIVIDUAL BOOKS', 'ANCIENT AUTHORS AFTER VERGIL', 'ANCIENT LIVES', 'APPENDIX VERGILIANA', 'BIBLIOGRAPHY', 'COMPUTER STUDIES', 'ECLOGUES: GENERAL', 'ECLOGUES: INDIVIDUAL POEMS', 'EDITIONS AND TRANSLATIONS', 'ENCYCLOPAEDIC STUDIES AND LEXICA', 'GEORGICS: GENERAL', 'GEORGICS: INDIVIDUAL POEMS', 'MANUSCRIPTS', 'MYTHS & LEGENDS', 'RELIGION AND PHILOSOPHY', 'ROME AND AUGUSTUS', 'SCHOLIA AND COMMENTATORES', 'STYLE, LANGUAGE, METER', 'VERGIL AND EARLIER WRITERS', 'VERGIL AND LATER AGES', 'VERGIL AND OTHER AUGUSTAN WRITERS', 'VERGILLAN BIMILLENARY PUBLICATIONS & COLLECTIONS']",True,excellent,[]
36 (1990) - McKay.pdf,26,enumerated,2089.35,37.62,0.3609,26,"['AENEID: GENERAL STUDIES', 'AENEID: GEOGRAPHY, ART & ARCHAEOLOGY', 'AENEID: INDIVIDUAL BOOKS', 'ANCIENT AUTHORS AFTER VERGIL', 'ANCIENT LIVES', 'APPENDIX VERGILIANA', 'BIBLIOGRAPHY', 'BIMILLENARY PUBLICATIONS AND COLLECTIONS', 'CHARACTERS', 'COMPUTER STUDIES', 'ECLOGUES: GENERAL', 'ECLOGUES: INDIVIDUAL POEMS', 'EDITIONS AND TRANSLATIONS', 'ENCYCLOPEDIC STUDIES AND LEXICA', 'GEORGICS: GENERAL', 'GEORGICS: INDIVIDUAL POEMS', 'LATIN SUMMER SCHOOL', 'MANUSCRIPTS', 'MYTHS AND LEGENDS', 'RELIGION AND PHILOSOPHY', 'ROME AND AUGUSTUS', 'SCHOLIA AND COMMENTATORES', 'STYLE, LANGUAGE, METER', 'VERGIL AND EARLIER WRITERS', 'VERGIL AND LATER AGES', 'VERGIL AND OTHER AUGUSTAN WRITERS']",True,excellent,[]
37 (1991) - McKay.pdf,36,enumerated,2178.89,39.25,0.3708,34,"['AENEID: GENERAL STUDIES', 'AENEID: INDIVIDUAL BOOKS', 'ANCIENT AUTHORS AFTER VERGIL', 'ANCIENT LIVES', 'APPENDIX VIRGILIANA', 'ART AND THE AENEID', 'BIBLIOGRAPHY', 'CHARACTERS', 'COLLECTIONS', 'CURRENT OR OUT OF PRINT', 'ECLOGUES : INDIVIDUAL POEMS', 'EIGHTEENTH-CENTURY WRITERS', 'FOREIGN BOOKS', 'GEORGICS : GENERAL STUDIES', 'GEORGICS : INDIVIDUAL POEMS', 'LANGUAGE', 'MANUSCRIPTS: TEXTUAL TRADITION', 'METER', 'MODERN TRANSLATIONS', 'NINETEENTH-CENTURY WRITERS', 'RELIGION AND PHILOSOPHY', 'RENAISSANCE AND TUDOR WRITERS', 'ROME AND AUGUSTUS', 'SEVENTEENTH-CENTURY WRITERS', 'STYLE', 'STYLE, LANGUAGE, AND METER', 'THE MIDDLE AGES', 'TWENTIETH CENTURY WRITERS', 'VERGIL AND ART', 'VERGIL AND AUGUSTAN WRITERS: POETS', 'VERGIL AND AUGUSTAN WRITERS: PROSE', 'VERGIL AND EARLIER WRITERS', 'VERGIL AND LATER AGES: GENERAL', 'VERGIL AND MUSIC']",True,excellent,[]
38 (1992) - McKay.pdf,25,enumerated,2029.52,36.56,0.3031,30,"['ANCIENT AUTHORS AFTER VERGIL', 'ANCIENT COMMENTARIES, SCHOLIA', 'ANCIENT LIVES', 'APPENDIX VERGILIANA', 'ART AND THEAENEID', 'BIBLIOGRAPHY', 'CHARACTERS', 'COLLECTIONS', 'ECLOGUES : INDIVIDUAL', 'ECLOGUES: GENERAL STUDIES', 'EIGHTEENTH-CENTURY WRITERS', 'GEORGICS : GENERAL', 'GEORGICS: INDIVIDUAL POEMS', 'LANDSCAPE, TOPOGRAPHY AND ARCHAEOLOGY', 'MANUSCRIPTS: TEXTUAL TRADITION', 'MODERN TRANSLATIONS', 'NINETEENTI I-CENTU R Y WRITERS', 'RELIGION AND PHILOSOPHY', 'RENAISSANCE AND TUDOR WRITERS', 'ROME AND AUGUSTAN WRITERS', 'ROME AND AUGUSTUS', 'SEVENTEENTH-CENTURY WRITERS', 'STYLE, LANGUAGE, AND METER', 'THE MIDDLE AGES', 'TWENTIETH-CENTURY WRITERS', 'VERGIL AND ART', 'VERGIL AND AUGUSTAN WRITERS: PROSE', 'VERGIL AND EARLIER WRITERS', 'VERGIL AND LATER AGES: GENERAL', 'VERGIL AND MUSIC']",True,excellent,[]
39 (1993) - McKay.pdf,30,enumerated,2076.7,36.8,0.3207,33,"['AENEID : GENERAL', 'AENEID : INDIVIDUAL BOOKS', 'AENEID: LEGENDS AND MYTHS', 'ANCIENT AUTHORS AFTER VERGIL', 'ANCIENT COMMENTARIES, SCHOLIA', 'ANCIENT LIVES', 'APPENDIX VERGILIANA', 'ART AND THE AENEID', 'BIBLIOGRAPHY', 'CHARACTERS', 'ECLOGUES : GENERAL', 'EIGHTEENTH-CENTURY WRITERS', 'ENCYCLOPEDIA, COLLECTIONS', 'GEORGICS : INDIVIDUAL POEMS', 'GEORGICS: GENERAL', 'IN MEMORIAM', 'JOHN PATRICK SULLIVAN', 'LANDSCAPE, TOPOGRAPHY AND ARCHAEOLOGY', 'MANUSCRIPTS, TEXTUAL TRADITION', 'MODERN TRANSLATIONS', 'NINETEENTH-CENTURY WRITERS', 'RELIGION AND PHILOSOPHY', 'RENAISSANCE AND TUDOR WRITERS', 'ROME AND AUGUSTUS', 'SEVENTEENTH-CENTURY WRITERS', 'STYLE, LANGUAGE, AND METER', 'THE MIDDLE AGES', 'TWENTIETH-CENTURY WRITERS', 'VERGIL AND ART', 'VERGIL AND AUGUSTAN WRITERS: VERSE', 'VERGIL AND EARLIER WRITERS', 'VERGIL AND LATER AGES: GENERAL', 'VERGIL AND MUSIC']",True,excellent,[]
40 (1994) - McKay.pdf,22,enumerated,2019.64,35.86,0.3359,35,"['AENEID : GENERAL', 'AENEID : LEGENDS AND MYTHS', 'AENEID: INDIVIDUAL BOOKS', 'ANCIENT AUTHORS AFTER VERGIL', 'ANCIENT COMMENTARIES, SCHOLIA', 'ANCIENT LIVES', 'ANNOUNCEMENT', 'APPENDIX VERGIUANA', 'ART AND THE AENEID', 'BIBLIOGRAPHY', 'CHARACTERS', 'COMMEMORATIVE VOLUME', 'ECLOGUES : GENERAL', 'ECLOGUES : INDIVIDUAL POEMS', 'EIGHTEENTH-CENTURY WRITERS', 'GEORGICS : GENERAL', 'GEORGICS : INDIVIDUAL POEMS', 'LANDSCAPE, TOPOGRAPHY AND ARCHAEOLOGY', 'LEXICA, COLLECTIONS', 'MANUSCRIPTS, TEXTUAL TRADITION', 'MODERN TRANSLATIONS', 'NINETEENTH-CENTURY WRITERS', 'RELIGION AND PHILOSOPHY', 'RENAISSANCE AND TUDOR WRITERS', 'ROME AND AUGUSTUS', 'SEVENTEENTH-CENTURY WRITERS', 'STYLE, LANGUAGE, AND METER', 'THE MIDDLE AGES', 'TWENTIETH-CENTURY WRITERS', 'VERGIL AND ART', 'VERGIL AND AUGUSTAN WRITERS: PROSE', 'VERGIL AND AUGUSTAN WRITERS: VERSE', 'VERGIL AND EARLIER WRITERS', 'VERGIL AND LATER AGES: GENERAL', 'VERGIL AND MUSIC']",True,excellent,[]
41 (1995) - McKay.pdf,20,enumerated,1930.0,34.85,0.3286,33,"['AENEID: GENERAL', 'AENEID: LEGENDS AND MYTHS', 'ANCIENT AUTHORS AFTER VERGIL', 'ANCIENT COMMENTAMES, SCHOLIA', 'ANCIENT LIVES', 'APPENDIX VERGILIANA', 'ART AND THE AENEID', 'BIBLIOGRAPHY', 'CHARACTERS', 'COMMEMORATIVE VOLUME', 'CURRENT OR OUT OF PRINT', 'ECLOGUES: GENERAL', 'ECLOGUES: INDIVIDUAL POEMS', 'EIGHTEENTH-CENTURY WRITERS', 'FOREIGN BOOKS', 'GEORGICS: GENERAL', 'GEORGICS: INDIVIDUAL POEMS', 'LANDSCAPE, TOPOGRAPHY AND ARCHAEOLOGY', 'LEXICA, COLLECTIONS', 'MANUSCRIPTS, TEXTUAL TRADITION', 'NINETEENTH-CENTURY WRITERS', 'RELIGION AND PHILOSOPHY', 'RENAISSANCE AND TUDOR WRITERS', 'ROME AND AUGUSTUS', 'SEVENTEENTH-CENTURY WRITERS', 'STYLE, LANGUAGE, AND METER', 'THE MIDDLE AGES', 'TWENTIETH-CENTURY WRITERS', 'VERGDL AND LATER AGES: GENERAL', 'VERGIL AND ART', 'VERGIL AND AUGUSTAN WRITERS: VERSE', 'VERGIL AND EARLIER WRITERS', 'VERGIL AND MUSIC']",True,excellent,[]
42 (1996) - McKay.pdf,31,enumerated,1986.55,38.81,0.3067,33,"['AENEID: GENERAL', 'AENEID: INDIVIDUAL BOOKS', 'AENEID: LEGENDS AND MYTHS', 'ANCIENT AUTHORS AFTER VERGIL', 'ANCIENT COMMENTARIES, SCHOLIA', 'ANCIENT LIVES', 'APPENDIX VERGILIANA', 'BIBLIOGRAPHY', 'CHARACTERS', 'COMPANION', 'DEROUX VI, DEROUX VII', 'ECLOGUES: GENERAL', 'ECLOGUES: INDIVIDUAL POEMS', 'EIGHTEENTH-CENTURY WRITERS', 'GEORGICS: GENERAL', 'GEORGICS: INDIVIDUAL POEMS', 'LANDSCAPE, TOPOGRAPHY AND ARCHAEOLOGY', 'LEXICA AND COLLECTIONS', 'MANUSCRIPTS, TEXTUAL TRADITION', 'MIDDLE AGES', 'NINETEENTH-CENTURY WRITERS', 'RELIGION AND PHILOSOPHY', 'RENAISSANCE AND TUDOR WRITERS', 'ROME AND AUGUSTUS', 'SEVENTEENTH-CENTURY WRITERS', 'STYLE, LANGUAGE, AND METER', 'TRANSLATIONS', 'TWENTIETH-CENTURY WRITERS', 'VERGIL AND ART', 'VERGIL AND AUGUSTAN WRITERS: PROSE', 'VERGIL AND AUGUSTAN WRITERS: VERSE', 'VERGIL AND EARLIER WRITERS', 'VERGIL AND LATER AGES: GENERAL']",True,excellent,[]
43 (1997) - McKay.pdf,22,enumerated,1987.64,37.5,0.2824,31,"['AENEID: CHARACTERS', 'AENEID: GENERAL', 'AENEID: INDIVIDUAL BOOKS', 'AENEID: LEGENDS AND MYTHS', 'ANCIENT AUTHORS AFTER VERGIL', 'ANCIENT COMMENTARIES, SCHOLIA', 'ANCIENT LIVES', 'APPENDIX VERGILIANA', 'BIBLIOGRAPHY', 'ECLOGUES: GENERAL', 'ECLOGUES: INDIVIDUAL POEMS', 'EIGHTEENTH-CENTURY WRITERS', 'GEORGICS: GENERAL', 'GEORGICS: INDIVIDUAL POEMS', 'LANDSCAPE, TOPOGRAPHY AND ARCHAEOLOGY', 'LEXICA AND COLLECTIONS', 'MANUSCRIPTS, TEXTUAL TRADITION', 'MIDDLE AGES', 'NINETEENTH CENTURY WRITERS', 'RELIGION AND PHILOSOPHY', 'RENAISSANCE AND TUDOR WRITERS', 'ROME AND AUGUSTUS', 'SEVENTEENTH-CENTURY WRITERS', 'STYLE, LANGUAGE, AND METER', 'TRANSLATIONS', 'TWENTIETH-CENTURY WRITERS', 'VERGIL AND ART', 'VERGIL AND AUGUSTAN WRITERS: PROSE', 'VERGIL AND AUGUSTAN WRITERS: VERSE', 'VERGIL AND EARLIER WRITERS', 'VERGIL AND LATER AGES: GENERAL']",True,excellent,[]
44 (1998) - McKay.pdf,26,enumerated,2076.85,39.35,0.2434,33,"['AENEID: GENERAL', 'AENEID: INDIVIDUAL BOOKS', 'AENEID: LEGENDS AND MYTHS', 'ANCIENT AUTHORS AFTER VERGIL', 'ANCIENT COMMENTARIES, SCHOLIA', 'APPENDIX VERGILIANA', 'BIBLIOGRAPHY', 'CHARACTERS', 'ECLOGUES: GENERAL', 'ECLOGUES: INDIVIDUAL', 'FIRST CALL FOR PAPERS', 'FOR MORE INFORMATION AND SUBMISSIONS, CONTACT:', 'GEORGICS: GENERAL', 'GEORGICS: INDIVIDUAL', 'LANDSCAPE, TOPOGRAPHY AND ARCHAEOLOGY', 'LEXICA AND COLLECTIONS', 'MANUSCRIPTS, TEXTUAL TRADITION', 'MIDDLE AGES', 'NINETEENTH CENTURY WRITERS', 'RELIGION AND PHILOSOPHY', 'RENAISSANCE AND TUDOR WRITERS', 'ROME AND AUGUSTUS', 'SEVENTEENTH CENTURY WRITERS', 'STYLE, LANGUAGE, AND METER', 'THE ETRUSCANS IN CAMPANIA', 'THE VERGILIAN SOCIETY', 'TRANSLATIONS', 'TWENTIETH CENTURY WRITERS', 'VERGIL AND ART', 'VERGIL AND AUGUSTAN WRITERS: VERSE', 'VERGIL AND EARLIER WRITERS', 'VERGIL AND LATER AGES: GENERAL', 'VERGIL AND MUSIC']",True,excellent,[]
45 (1999) - McKay.pdf,35,enumerated,1843.03,35.8,0.2354,31,"['AENEID: CHARACTERS', 'AENEID: GENERAL', 'AENEID: INDIVIDUAL BOOKS', 'AENEID: LEGENDS AND MYTHS', 'ANCIENT AUTHORS AFTER VERGIL', 'ANCIENT COMMENTARIES, SCHOLIA', 'ANNUAL BIBLIOGRAPHY', 'APPENDIX VERGI LIANA', 'BIBLIOGRAPHY', 'ECLOGUES: GENERAL', 'ECLOGUES: INDIVIDUAL', 'EIGHTEENTH CENTURY WRITERS', 'GEORGICS: GENERAL', 'GEORGICS: INDIVIDUAL BOOKS', 'LANDSCAPE, TOPOGRAPHY, AND MONUMENTS', 'LEXICA AND COLLECTIONS', 'MANUSCRIPTS, TEXTUAL TRADITION', 'MIDDLE AGES', 'NINETEENTH CENTURY WRITERS', 'RELIGION AND PHILOSOPHY', 'RENAISSANCE AND TUDOR WRITERS', 'ROME AND AUGUSTUS', 'SEVENTEENTH CENTURY WRITERS', 'STYLE, LANGUAGE, AND METER', 'TRANSLATIONS', 'TWENTIETH CENTURY WRITERS', 'VERGIL AND ART', 'VERGIL AND AUGUSTAN WRITERS: VERSE', 'VERGIL AND EARLIER WRITERS', 'VERGIL AND LATER AGES: GENERAL', 'WORLD WIDE WEB & CD ROM']",True,excellent,[]
46 (2000) - McKay.pdf,25,enumerated,1777.8,34.48,0.2773,30,"['AENEID: CHARACTERS', 'AENEID: GENERAL', 'AENEID: INDIVIDUAL BOOKS', 'AENEID: LEGENDS AND MYTHS', 'ANCIENT AUTHORS AFTER VERGIL', 'ANNUAL BIBLIOGRAPHY', 'APPENDIX VERGIUANA', 'BIBLIOGRAPHY', 'ECLOGUES: GENERAL', 'ECLOGUES: INDIVIDUAL', 'GEORGIOS: GENERAL', 'GEORGIOS: INDIVIDUAL BOOKS', 'LANDSCAPE, TOPOGRAPHY, AND MONUMENTS', 'LEXICA AND COLLECTIONS', 'LIVES, ANCIENT COMMENTARIES, SCHOLIA', 'MIDDLE AGES', 'NECROLOGY', 'NINETEENTH CENTURY WRITERS', 'RELIGION AND PHILOSOPHY', 'RENAISSANCE AND TUDOR WRITERS', 'ROME AND AUGUSTUS', 'SEVENTEENTH CENTURY WRITERS', 'STYLE, LANGUAGE, AND METER', 'TRANSLATIONS', 'TWENTIETH CENTURY WRITERS', 'VERGIL AND ART', 'VERGIL AND AUGUSTAN WRITERS: VERSE', 'VERGIL AND EARLIER WRITERS', 'VERGIL AND LATER AGES: GENERAL', 'VERGIL AND MUSIC']",True,excellent,[]
47 (2001) - McKay.pdf,26,enumerated,1907.04,33.58,0.2692,30,"['AENEID: CHARACTERS', 'AENEID: GENERAL', 'AENEID: LEGENDS AND MYTHS', 'ANCIENT AUTHORS AFTER VERGIL', 'ANCIENT COMMENTARIES, SCHOLIA', 'ANNUAL BIBLIOGRAPHY', 'APPENDIX VERGILIANA', 'BIBLIOGRAPHY', 'ECLOGUES: GENERAL', 'ECLOGUES: INDIVIDUAL POEMS', 'GEORGICS: GENERAL', 'GEORGICS: INDIVIDUAL BOOKS', 'LANDSCAPE, TOPOGRAPHY, AND MONUMENTS', 'LEXICA AND COLLECTIONS', 'MANUSCRIPTS, TEXTUAL TRADITION', 'MIDDLE AGES', 'NECROLOGY', 'NINETEENTH CENTURY', 'RELIGION AND PHILOSOPHY', 'RENAISSANCE AND TUDOR WRITERS', 'ROME AND AUGUSTUS', 'SEVENTEENTH CENTURY', 'STYLE, LANGUAGE, AND METER', 'TRANSLATIONS', 'TWENTIETH CENTURY', 'VERGIL AND ART', 'VERGIL AND AUGUSTAN WRITERS: VERSE', 'VERGIL AND EARLIER WRITERS', 'VERGIL AND LATER AGES: GENERAL', 'VERGIL AND MUSIC']",True,excellent,[]
48 (2002) - McKay.pdf,23,null,1911.35,34.17,0.2494,30,"['AENEID: CHARACTERS', 'AENEID: GENERAL', 'AENEID: INDIVIDUAL BOOKS VII-XII', 'AENEID: LEGENDS AND MYTHS', 'ANCIENT AUTHORS AFTER VERGIL', 'ANCIENT COMMENTARIES, SCHOLIA', 'ANCIENT LIVES', 'ANNUAL BIBLIOGRAPHY', 'APPENDIX VERGILIANA', 'BIBLIOGRAPHY', 'ECLOGUES: GENERAL', 'ECLOGUES: INDIVIDUAL', 'EIGHTEENTH CENTURY', 'GEORGICS: INDIVIDUAL', 'GEORGIOS: GENERAL', 'LANDSCAPE, TOPOGRAPHY, AND MONUMENTS', 'LEXICA AND COLLECTIONS', 'MANUSCRIPTS, TEXTUAL TRADITION', 'NECROLOGY', 'NINETEENTH CENTURY', 'RENAISSANCE AND TUDOR WRITERS', 'SEVENTEENTH CENTURY', 'STYLE, LANGUAGE, AND METER', 'TRANSLATIONS', 'TWENTIETH CENTURY', 'VERGIL AND ART', 'VERGIL AND AUGUSTAN WRITERS', 'VERGIL AND EARLIER WRITERS', 'VERGIL AND LATER AGES: GENERAL', 'VERGIL AND MUSIC']",False,excellent,['No bibliography detected']
49 (2003) - McKay.pdf,22,enumerated,1870.68,34.95,0.2952,26,"['AENEID: CHARACTERS', 'AENEID: GENERAL', 'AENEID: INDIVIDUAL BOOKS VII-XII', 'AENEID: LEGENDS AND MYTHS', 'ANCIENT AUTHORS AFTER VERGIL', 'ANCIENT COMMENTARIES, SCHOLIA', 'ANNUAL BIBLIOGRAPHY', 'APPENDIX VERGILIANA', 'BIBLIOGRAPHY', 'ECLOGUES: GENERAL', 'ECLOGUES: INDIVIDUAL POEMS', 'GEORGICS: GENERAL', 'GEORGICS: INDIVIDUAL', 'LANDSCAPE, HISTORY, AND MATERIAL CULTURE', 'LEXICA AND COLLECTIONS', 'MANUSCRIPTS, TEXTUAL TRADITION', 'NINETEENTH CENTURY', 'RENAISSANCE AND TUDOR WRITERS', 'SEVENTEENTH CENTURY', 'STYLE, LANGUAGE, AND METER', 'TRANSLATIONS', 'TWENTY-FIRST CENTURY', 'VERGIL AND ART', 'VERGIL AND AUGUSTAN WRITERS', 'VERGIL AND EARLIER WRITERS', 'VERGIL AND LATER AGES: GENERAL']",True,excellent,[]
50 (2004) - McKay.pdf,27,enumerated,1693.07,33.11,0.245,30,"['AENEID: CHARACTERS', 'AENEID: GENERAL', 'AENEID: INDIVIDUAL BOOKS VII-XII', 'ANCIENT AUTHORS AFTER VERGIL', 'ANCIENT COMMENTARIES: SCHOLIA: VITAE', 'ANNUAL BIBLIOGRAPHY', 'APPENDIX VERGILIANA', 'BIBLIOGRAPHY', 'ECLOGUES: GENERAL', 'ECLOGUES: INDIVIDUAL POEMS', 'EIGHTEENTH CENTURY', 'GEORGICS: GENERAL', 'GEORGICS: INDIVIDUAL POEMS', 'LANDSCAPE, HISTORY, AND MATERIAL CULTURE', 'LEXICA, COMPANIONS, AND COLLECTIONS', 'MCMASTER UNIVERSITY', 'NINETEENTH CENTURY', 'OBITUARIES', 'PHILOSOPHY AND RELIGION', 'RENAISSANCE AND TUDOR WRITERS', 'SEVENTEENTH CENTURY', 'STYLE, LANGUAGE, AND METER', 'THE MIDDLE AGES', 'TRANSLATIONS', 'TWENTIETH CENTURY', 'VERGIL AND ART', 'VERGIL AND AUGUSTAN WRITERS', 'VERGIL AND LATER AGES: GENERAL', 'VERGIL AND MUSIC', 'VIRGIL AND EARLIER WRITERS']",True,excellent,[]
52 (2005) - McKay.pdf,26,enumerated,1773.27,33.88,0.2599,27,"['AENEID: GENERAL', 'AENEID: INDIVIDUAL BOOKS VII-XII', 'AENEID: LEGENDS, MYTHS, AND FOLKLORE', 'ANCIENT AUTHORS AFTER VERGIL', 'ANCIENT COMMENTARIES: SCHOLIA: VITAE', 'ANNUAL BIBLIOGRAPHY', 'APPENDIX VERGILIANA', 'BIBLIOGRAPHY', 'CHARACTERS', 'ECLOGUES: GENERAL', 'ECLOGUES: INDIVIDUAL POEMS', 'EIGHTEENTH CENTURY', 'GEORGICS: GENERAL', 'GEORGICS: INDIVIDUAL POEMS', 'LANDSCAPE, HISTORY, AND MATERIAL CULTURE', 'LEXICA, COMPANIONS, AND COLLECTIONS', 'PHILOSOPHY AND RELIGION', 'RENAISSANCE AND TUDOR WRITERS', 'SEVENTEENTH CENTURY', 'STYLE, LANGUAGE, AND METER', 'THE MIDDLE AGES', 'TRANSLATIONS', 'TWENTIETH CENTURY', 'VERGIL AND ART', 'VERGIL AND AUGUSTAN WRITERS', 'VERGIL AND EARLIER WRITERS', 'VERGIL AND MUSIC']",True,excellent,[]
52 (2006) - McKay.pdf,25,enumerated,1813.04,35.6,0.2753,29,"['AENEID: GENERAL', 'AENEID: INDIVIDUAL BOOKS-I-VI', 'AENEID: INDIVIDUAL BOOKSVII-XII', 'AENEID: LEGENDS, MYTHS AND FOLKLORE', 'ANCIENT AUTHORS AFTER VERGIL', 'ANCIENT COMMENTARIES: SCHOLIA: VITAE', 'ANNUAL BIBLIOGRAPHY', 'APPENDIX VERGILIANA', 'BIBLIOGRAPHY', 'CHARACTERS', 'ECLOGUES: GENERAL', 'ECLOGUES: INDIVIDUAL POEMS', 'EIGHTEENTH CENTURY', 'GEORGICS: GENERAL', 'GEORGICS: INDIVIDUAL POEMS', 'LANDSCAPE, HISTORY, AND MATERIAL CULTURE', 'LEXICA, COMPANIONS, AND COLLECTIONS', 'NINETEENTH CENTURY', 'PHILOSOPHY AND RELIGION', 'RENAISSANCE AND TUDOR WRITERS', 'SEVENTEENTH CENTURY', 'STYLE, LANGUAGE AND METER', 'THE MIDDLE AGES', 'TRANSLATIONS', 'TWENTIETH CENTURY', 'TWENTY-FIRST CENTURY', 'VERGIL AND AUGUSTAN WRITERS', 'VERGIL AND EARLIER WRITERS', 'VERGIL AND THE ARTS']",True,excellent,[]
53 (2007) - Werner.pdf,27,enumerated,1848.89,36.04,0.2888,30,"['AENEID: GENERAL', 'AENEID: INDIVIDUAL BOOKS - I-VI', 'AENEID: INDIVIDUAL BOOKS - VII-XII', 'AENEID: LEGENDS, MYTHS AND FOLKLORE', 'ANCIENT AUTHORS AFTER VERGIL', 'ANCIENT COMMENTAMES: SCHOLIA: VITAE', 'ANNUAL BIBLIOGRAPHY', 'APPENDIX VERGILIANA', 'BIBLIOGRAPHY', 'CHARACTERS', 'ECLOGUES: GENERAL', 'ECLOGUES: INDIVIDUAL POEMS', 'EIGHTEENTH CENTURY', 'GEORGICS: GENERAL', 'GEORGICS: INDIVIDUAL POEMS', 'LANDSCAPE, HISTORY, AND MATERIAL CULTURE', 'LEXICA, COMPANIONS, AND COLLECTIONS', 'NINETEENTH CENTURY', 'PHILOSOPHY AND RELIGION', 'RENAISSANCE AND TUDOR WRITERS', 'SEVENTEENTH CENTURY', 'SHIRLEY WERNER', 'STYLE, LANGUAGE AND METER', 'THE MIDDLE AGES', 'TRANSLATIONS', 'TWENTIETH CENTURY', 'UNIVERSITY OF CINCINNATI', 'VERGIL AND AUGUSTAN WRITERS', 'VERGIL AND EARLIER WRITERS', 'VERGIL AND THE ARTS']",True,excellent,[]
54 (2008) - Werner.pdf,29,enumerated,1434.41,39.03,0.1643,42,"['AENEID : CHARACTERS', 'AENEID : GENERAL', 'AENEID : INDIVIDUAL', 'AENEID : LEGENDS,', 'AFTER VERGIL', 'ANCIENT', 'ANCIENT AUTHORS', 'AND COLLECTIONS', 'AND MATERIAL CULTURE', 'ANNUAL BIBLIOGRAPHY', 'APPENDIX VERGILIANA', 'BIBLIOGRAPHIES', 'BIBLIOGRAPHY', 'BOOKS I-VI', 'BOOKS VII-XII', 'ECLOGUES : GENERAL', 'EIGHTEENTH CENTURY', 'GEORGICS : GENERAL', 'GEORGICS : INDIVIDUAL', 'LANDSCAPE, HISTORY,', 'LEXICA, COMPANIONS,', 'METER', 'MYTHS, AND FOLKLORE', 'NINETEENTH CENTURY', 'PHILOSOPHY AND', 'POEMS', 'RELIGION', 'RENAISSANCE AND', 'SEVENTEENTH CENTURY', 'SHIRLEY WERNER', 'STYLE, LANGUAGE, AND', 'THE MIDDLE AGES', 'TOPICAL INDEX', 'TRADITION', 'TRANSLATIONS', 'TUDOR WRITERS', 'TWENTIETH CENTURY', 'TWENTY-FIRST CENTURY', 'VERGIL AND AUGUSTAN', 'VERGIL AND EARLIER', 'VERGIL AND THE ARTS', 'WRITERS']",True,excellent,[]
55 (2009) - Werner.pdf,31,enumerated,1841.19,35.58,0.3064,29,"['AENEID : GENERAL', 'AENEID : INDIVIDUAL BOOKS I-VI', 'AENEID : INDIVIDUAL BOOKS VII-XII', 'ANCIENT AUTHORS AFTER VERGIL', 'ANNUAL BIBLIOGRAPHY', 'APPENDIX VERGILIANA', 'BIBLIOGRAPHY', 'CHARACTERS', 'DUKE UNIVERSITY', 'ECLOGUES : GENERAL', 'ECLOGUES : INDIVIDUAL POEMS', 'EIGHTEENTH CENTURY', 'GEORGICS : GENERAL', 'GEORGICS: INDIVIDUAL POEMS', 'LANDSCAPE, HISTORY, AND MATERIAL CULTURE', 'LEXICA, COMPANIONS, AND COLLECTIONS', 'NINETEENTH CENTURY', 'PHILOSOPHY AND RELIGION', 'RENAISSANCE AND TUDOR WRITERS', 'SEVENTEENTH CENTURY', 'SHIRLEY WERNER', 'STYLE, LANGUAGE AND METER', 'THE MIDDLE AGES', 'TRANSLATIONS', 'TWENTIETH CENTURY', 'TWENTY-FIRST CENTURY', 'VERGIL AND AUGUSTAN WRITERS', 'VERGIL AND EARLIER WRITERS', 'VERGIL AND THE ARTS']",True,excellent,[]
56 (2010) - Werner.pdf,23,narrative,2252.83,38.74,0.0034,27,"['AENEID: GENERAL', 'AENEID: INDIVIDUAL BOOKS VII-XII', 'ANCIENT AUTHORS AFTER VERGIL', 'APPENDIX VERGILIANA', 'BIBLIOGRAPHY', 'CHARACTERS', 'CONTACT', 'ECLOGUES: GENERAL', 'ECLOGUES: INDIVIDUAL POEMS', 'EIGHTEENTH CENTURY', 'GEORGICS: GENERAL', 'GEORGICS: INDIVIDUAL POEMS', 'LANDSCAPE, HISTORY, AND MATERIAL CULTURE', 'LEXICA, COMPANIONS, AND COLLECTIONS', 'NINETEENTH CENTURY', 'PHILOSOPHY AND RELIGION', 'RENAISSANCE AND TUDOR WRITERS', 'SEVENTEENTH CENTURY', 'STYLE, LANGUAGE AND METER', 'THE MIDDLE AGES', 'TRANSLATIONS', 'TWENTIETH CENTURY', 'TWENTY-FIRST CENTURY', 'VERGIL AND AUGUSTAN WRITERS', 'VERGIL AND EARLIER WRITERS', 'VERGIL AND THE ARTS', 'VERGILIUS I - I']",True,excellent,[]
57 (2011) - Werner.pdf,23,narrative,2290.26,39.7,0.0066,24,"['AENEID: GENERAL', 'AENEID: INDIVIDUAL BOOKS VII-XII', 'ANCIENT AUTHORS AFTER VERGIL', 'ANCIENT COMMENTARIES, SCHOLIA, VITAE', 'APPENDIX VERGILIANA', 'CHARACTERS', 'COMPANIONS, COLLECTIONS, AND GENERAL STUDIES', 'ECLOGUES: GENERAL', 'ECLOGUES: INDIVIDUAL POEMS', 'EIGHTEENTH CENTURY', 'FURTHER BIBLIOGRAPHY', 'GEORGICS: GENERAL', 'GEORGICS: INDIVIDUAL POEMS', 'HISTORY, MATERIAL CULTURE, AND LANDSCAPE', 'PHILOSOPHY AND RELIGION', 'RENAISSANCE AND TUDOR WRITERS', 'SEVENTEENTH CENTURY', 'STYLE, LANGUAGE, AND METER', 'THE MIDDLE AGES', 'TRANSLATIONS', 'TWENTIETH CENTURY', 'VERGIL AND AUGUSTAN WRITERS', 'VERGIL AND EARLIER WRITERS', 'VERGIL AND THE ARTS']",True,excellent,[]
58 (2012) - Werner.pdf,17,narrative,2234.94,38.59,0.003,25,"['AENEID: GENERAL', 'AENEID: INDIVIDUAL BOOKS VII-XII', 'ANCIENT AUTHORS AFTER VERGIL', 'ANCIENT COMMENTARIES, SCHOLIA, VITAE', 'APPENDIX VERGI LIANA', 'CHARACTERS', 'COMPANIONS, COLLECTIONS, AND GENERAL STUDIES', 'ECLOGUES: GENERAL', 'ECLOGUES: INDIVIDUAL POEMS', 'EIGHTEENTH CENTURY', 'FURTHER BIBLIOGRAPHY', 'GEORGICS: GENERAL', 'GEORGICS: INDIVIDUAL POEMS', 'HISTORY, MATERIAL CULTURE, AND LANDSCAPE', 'NINETEENTH CENTURY', 'PHILOSOPHY AND RELIGION', 'RENAISSANCE AND TUDOR WRITERS', 'STYLE, LANGUAGE, AND METER', 'THE MIDDLE AGES', 'TRANSLATIONS', 'TWENTIETH CENTURY', 'TWENTY-FIRST CENTURY', 'VERGIL AND AUGUSTAN WRITERS', 'VERGIL AND EARLIER WRITERS', 'VERGIL AND THE ARTS']",True,excellent,[]
59 (2013) - Werner.pdf,21,narrative,2425.76,39.38,0.0121,25,"['AENEID: GENERAL', 'AENEID: INDIVIDUAL BOOKS I-VI', 'AENEID: INDIVIDUAL BOOKS VII-XII', 'ANCIENT AUTHORS AFTER VERGIL', 'ANCIENT COMMENTARIES, SCHOLIA, VITAE', 'APPENDIX VERGILIANA', 'CHARACTERS', 'COMPANIONS, COLLECTIONS, AND GENERAL STUDIES', 'ECLOGUES: GENERAL', 'ECLOGUES: INDIVIDUAL POEMS', 'FURTHER BIBLIOGRAPHY', 'GEORGICS: GENERAL', 'GEORGICS: INDIVIDUAL POEMS', 'HISTORY, MATERIAL CULTURE, AND LANDSCAPE', 'NINETEENTH CENTURY', 'PHILOSOPHY AND RELIGION', 'RENAISSANCE AND TUDOR WRITERS', 'STYLE, LANGUAGE, AND METER', 'THE MIDDLE AGES', 'TRANSLATIONS', 'TWENTIETH CENTURY', 'TWENTY-FIRST CENTURY', 'VERGIL AND AUGUSTAN WRITERS', 'VERGIL AND EARLIER WRITERS', 'VERGIL AND THE ARTS']",True,excellent,[]
60 (2014) - Werner.pdf,25,narrative,2423.92,39.28,0.0051,27,"['AENEID: GENERAL', 'AENEID: INDIVIDUAL BOOKS I-VI', 'AENEID: INDIVIDUAL BOOKS VII-XII', 'ANCIENT AUTHORS AFTER VERGIL', 'ANCIENT COMMENTARIES, SCHOLIA, VITAE', 'APPENDIX VERGILIANA', 'CHARACTERS', 'COMPANIONS, COLLECTIONS, AND GENERAL STUDIES', 'ECLOGUES: GENERAL', 'ECLOGUES: INDIVIDUAL POEMS', 'EIGHTEENTH CENTURY', 'FURTHER BIBLIOGRAPHY', 'GEORGICS: GENERAL', 'GEORGICS: INDIVIDUAL POEMS', 'HISTORY, MATERIAL CULTURE, AND LANDSCAPE', 'NINETEENTH CENTURY', 'PHILOSOPHY AND RELIGION', 'RENAISSANCE AND TUDOR WRITERS', 'SEVENTEENTH CENTURY', 'STYLE, LANGUAGE, AND METER', 'THE MIDDLE AGES', 'TRANSLATIONS', 'TWENTIETH CENTURY', 'TWENTY-FIRST CENTURY', 'VERGIL AND AUGUSTAN WRITERS', 'VERGIL AND EARLIER WRITERS', 'VERGIL AND THE ARTS']",True,excellent,[]
61 (2015) - Werner.pdf,25,narrative,2604.24,40.84,0.0039,22,"['AENEID: GENERAL', 'ANCIENT AUTHORS AFTER VERGIL', 'ANCIENT COMMENTARIES, SCHOLIA, VITAE', 'APPENDIX VERGILIANA', 'CHARACTERS', 'COMPANIONS, COLLECTIONS, AND GENERAL STUDIES', 'ECLOGUES: GENERAL', 'ECLOGUES: INDIVIDUAL POEMS', 'FURTHER BIBLIOGRAPHY', 'GEORGICS: GENERAL', 'GEORGICS: INDIVIDUAL POEMS', 'HISTORY, MATERIAL CULTURE, AND LANDSCAPE', 'NINETEENTH CENTURY', 'PHILOSOPHY AND RELIGION', 'RENAISSANCE AND TUDOR WRITERS', 'STYLE, LANGUAGE, AND METER', 'THE MIDDLE AGES', 'TRANSLATIONS', 'TWENTIETH CENTURY', 'VERGIL AND AUGUSTAN WRITERS', 'VERGIL AND EARLIER WRITERS', 'VERGIL AND THE ARTS']",True,excellent,[]
62 (2016) - Werner.pdf,21,narrative,2452.48,38.0,0.0088,24,"['AENEID: GENERAL', 'ANCIENT AUTHORS AFTER VERGIL', 'ANCIENT COMMENTARIES, SCHOLIA, VITAE', 'APPENDIX VERGILIANA', 'CHARACTERS', 'COMPANIONS, COLLECTIONS, AND GENERAL', 'ECLOGUES: GENERAL', 'ECLOGUES: INDIVIDUAL POEMS', 'FURTHER BIBLIOGRAPHY', 'GEORGICS: GENERAL', 'GEORGICS: INDIVIDUAL POEMS', 'HISTORY, MATERIAL CULTURE, AND LANDSCAPE', 'MANUSCRIPTS, TEXTUAL TRADITION', 'PHILOSOPHY AND RELIGION', 'RENAISSANCE AND TUDOR WRITERS', 'STUDIES', 'STYLE, LANGUAGE, AND METER', 'THE MIDDLE AGES', 'TRANSLATIONS, COMMENTARIES, EDITIONS', 'TWENTIETH CENTURY', 'TWENTY-FIRST CENTURY', 'VERGIL AND AUGUSTAN WRITERS', 'VERGIL AND EARLIER WRITERS', 'VERGIL AND THE ARTS']",True,excellent,[]
63 (2017) - Werner.pdf,21,narrative,2608.38,40.48,0.0035,22,"['AENEID: GENERAL', 'ANCIENT AUTHORS AFTER VERGIL', 'ANCIENT COMMENTARIES, SCHOLIA, VITAE', 'APPENDIX VERGILIANA', 'CHARACTERS', 'COMPANIONS, COLLECTIONS, AND GENERAL STUDIES', 'ECLOGUES: GENERAL', 'ECLOGUES: INDIVIDUAL POEMS', 'EIGHTEENTH CENTURY', 'FURTHER BIBLIOGRAPHY', 'GEORGICS: INDIVIDUAL POEMS', 'HISTORY, MATERIAL CULTURE, AND LANDSCAPE', 'NINETEENTH CENTURY', 'PHILOSOPHY AND RELIGION', 'RENAISSANCE AND TUDOR WRITERS', 'STYLE, LANGUAGE, AND METER', 'THE MIDDLE AGES', 'TRANSLATIONS', 'TWENTIETH CENTURY', 'VERGIL AND AUGUSTAN WRITERS', 'VERGIL AND EARLIER WRITERS', 'VERGIL AND THE ARTS']",True,excellent,[]
64 (2018) - Werner.pdf,27,null,2722.52,41.44,0.0027,25,"['AENEID: GENERAL', 'ANCIENT AUTHORS AFTER VERGIL', 'ANCIENT COMMENTARIES, SCHOLIA, VITAE', 'APPENDIX VERGILIANA', 'CHARACTERS', 'COMPANIONS, COLLECTIONS, AND GENERAL STUDIES', 'ECLOGUES: GENERAL', 'ECLOGUES: INDIVIDUAL POEMS', 'EIGHTEENTH CENTURY', 'FURTHER BIBLIOGRAPHY', 'GEORGICS: GENERAL', 'GEORGICS: INDIVIDUAL POEMS', 'HISTORY, MATERIAL CULTURE, AND LANDSCAPE', 'NINETEENTH CENTURY', 'PHILOSOPHY AND RELIGION', 'RENAISSANCE AND TUDOR WRITERS', 'SEVENTEENTH CENTURY', 'STYLE, LANGUAGE, AND METER', 'THE MIDDLE AGES', 'TRANSLATIONS', 'TWENTIETH CENTURY', 'TWENTY-FIRST CENTURY', 'VERGIL AND AUGUSTAN WRITERS', 'VERGIL AND EARLIER WRITERS', 'VERGIL AND THE ARTS']",False,excellent,['No bibliography detected']
65 (2019) - Werner.pdf,27,narrative,2147.33,35.78,0.0062,24,"['AENEID: GENERAL', 'ANCIENT AUTHORS AFTER VERGIL', 'ANCIENT COMMENTARIES, SCHOLIA, VITAE', 'APPENDIX VERGILIANA', 'CHARACTERS', 'COMPANIONS, COLLECTIONS, AND GENERAL STUDIES', 'ECLOGUES: GENERAL', 'ECLOGUES: INDIVIDUAL POEMS', 'EIGHTEENTH CENTURY', 'FURTHER BIBLIOGRAPHY', 'GEORGICS: GENERAL', 'GEORGICS: INDIVIDUAL POEMS', 'HISTORY, MATERIAL CULTURE, AND LANDSCAPE', 'NINETEENTH CENTURY', 'PHILOSOPHY AND RELIGION', 'RENAISSANCE AND TUDOR WRITERS', 'STYLE, LANGUAGE, AND METER', 'THE MIDDLE AGES', 'TRANSLATIONS', 'TWENTIETH CENTURY', 'TWENTY-FIRST CENTURY', 'VERGIL AND AUGUSTAN WRITERS', 'VERGIL AND EARLIER WRITERS', 'VERGIL AND THE ARTS']",True,excellent,[]
66 (2020) - Werner.pdf,24,narrative,2227.62,37.88,0.0044,24,"['AENEID: GENERAL', 'ANCIENT AUTHORS AFTER VERGIL', 'ANCIENT COMMENTARIES, SCHOLIA, VITAE', 'APPENDIX VERGILIANA', 'CHARACTERS', 'COMPANIONS, COLLECTIONS, AND GENERAL STUDIES', 'ECLOGUES: GENERAL', 'ECLOGUES: INDIVIDUAL POEMS', 'FURTHER BIBLIOGRAPHY', 'GEORGICS: GENERAL', 'GEORGICS: INDIVIDUAL POEMS', 'HISTORY, MATERIAL CULTURE, AND LANDSCAPE', 'NINETEENTH CENTURY', 'PHILOSOPHY AND RELIGION', 'RENAISSANCE AND TUDOR WRITERS', 'SEVENTEETH CENTURY', 'STYLE, LANGUAGE, AND METER', 'THE MIDDLE AGES', 'TRANSLATIONS', 'TWENTIETH CENTURY', 'TWENTY-FIRST CENTURY', 'VERGIL AND AUGUSTAN WRITERS', 'VERGIL AND EARLIER WRITERS', 'VERGIL AND THE ARTS']",True,excellent,[]
67 (2021) - NO BIBLIOGRAPHY.pdf,3,null,713.0,22.0,0.0,1,['VERGILIUS'],False,excellent,['No bibliography detected']
68 (2022) - Werner.pdf,35,narrative,2311.63,39.17,0.0073,25,"['AENEID: GENERAL', 'ANCIENT AUTHORS AFTER VERGIL', 'ANCIENT COMMENTARIES, SCHOLIA, VITAE', 'APPENDIX VERGILIANA', 'CHARACTERS', 'COMPANIONS, COLLECTIONS, AND GENERAL STUDIES', 'ECLOGUES: GENERAL', 'ECLOGUES: INDIVIDUAL POEMS', 'EIGHTEENTH CENTURY', 'FURTHER BIBLIOGRAPHY', 'GEORGICS: GENERAL', 'GEORGICS: INDIVIDUAL POEMS', 'HISTORY, MATERIAL CULTURE, AND LANDSCAPE', 'NINETEENTH CENTURY', 'PHILOSOPHY AND RELIGION', 'RENAISSANCE AND TUDOR WRITERS', 'SEVENTEENTH CENTURY', 'STYLE, LANGUAGE, AND METER', 'THE MIDDLE AGES', 'TRANSLATIONS', 'TWENTIETH CENTURY', 'TWENTY-FIRST CENTURY', 'VERGIL AND AUGUSTAN WRITERS', 'VERGIL AND EARLIER WRITERS', 'VERGIL AND THE ARTS']",True,excellent,[]
69 (2023) - Werner.pdf,28,narrative,2346.75,58.75,0.0012,25,"['AENEID: GENERAL', 'ANCIENT AUTHORS AFTER VERGIL', 'ANCIENT COMMENTARIES, SCHOLIA, VITAE', 'APPENDIX VERGILIANA', 'CHARACTERS', 'COMPANIONS, COLLECTIONS, AND GENERAL STUDIES', 'ECLOGUES: GENERAL', 'ECLOGUES: INDIVIDUAL POEMS', 'EIGHTEENTH CENTURY', 'FURTHER BIBLIOGRAPHY', 'GEORGICS: GENERAL', 'GEORGICS: INDIVIDUAL POEMS', 'HISTORY, MATERIAL CULTURE, AND LANDSCAPE', 'NINETEENTH CENTURY', 'PHILOSOPHY AND RELIGION', 'RENAISSANCE AND TUDOR WRITERS', 'SEVENTEENTH CENTURY', 'SRVPRGHUQR', 'STYLE, LANGUAGE, AND METER', 'THE MIDDLE AGES', 'TRANSLATIONS', 'TWENTIETH CENTURY', 'VERGIL AND AUGUSTAN WRITERS', 'VERGIL AND EARLIER WRITERS', 'VERGIL AND THE ARTS']",True,excellent,[]
70 (2024) - Werner.pdf,25,narrative,2204.24,52.56,0.0,30,"['AENEID: GENERAL', 'ANCIENT AUTHORS AFTER VERGIL', 'ANCIENT COMMENTARIES, SCHOLIA, VITAE', 'APPENDIX VERGILIANA', 'CHARACTERS', 'COMPANIONS, COLLECTIONS, AND GENERAL STUDIES', 'DFFLSLDQW', 'ECLOGUES: GENERAL', 'ECLOGUES: INDIVIDUAL POEMS', 'EIGHTEENTH CENTURY', 'FODVVLTXH', 'FURTHER BIBLIOGRAPHY', 'GEORGICS: GENERAL', 'GEORGICS: INDIVIDUAL POEMS', 'HISTORY, MATERIAL CULTURE, AND LANDSCAPE', 'LQWHUSUHWDWLRQ', 'PHILOSOPHY AND RELIGION', 'RENAISSANCE AND TUDOR WRITERS', 'SEVENTEENTH CENTURY', 'SODQWDV', 'SRVPRGHUQR', 'STYLE, LANGUAGE, AND METER', 'THE MIDDLE AGES', 'TRANSLATIONS', 'TWENTIETH CENTURY', 'VERGIL AND AUGUSTAN WRITERS', 'VERGIL AND EARLIER WRITERS', 'VERGIL AND THE ARTS', 'VHUHQD', 'WKUHEUDLG']",True,excellent,[]
71 (2025)- Werner.pdf,33,narrative,2236.76,35.91,0.0017,26,"['AENEID: GENERAL', 'ANCIENT AUTHORS AFTER VERGIL', 'ANCIENT COMMENTARIES, SCHOLIA, VITAE', 'APPENDIX VERGILIANA', 'CHARACTERS', 'COMPANIONS, COLLECTIONS, AND GENERAL STUDIES', 'ECLOGUES: GENERAL', 'ECLOGUES: INDIVIDUAL POEMS', 'EIGHTEENTH CENTURY', 'FURTHER BIBLIOGRAPHY', 'GEORGICS: GENERAL', 'GEORGICS: INDIVIDUAL BOOKS', 'HISTORY, MATERIAL CULTURE, AND LANDSCAPE', 'NINETEENTH CENTURY', 'PHILOSOPHY AND RELIGION', 'RENAISSANCE AND TUDOR WRITERS', 'SEVENTEENTH CENTURY', 'STYLE, LANGUAGE, AND METER', 'THE MIDDLE AGES', 'TRANSLATIONS', 'TWENTIETH CENTURY', 'TWENTY-FIRST CENTURY', 'VERGIL AND AUGUSTAN WRITERS', 'VERGIL AND EARLIER WRITERS', 'VERGIL AND THE ARTS', 'VERGILIAN CENTONES']",True,excellent,[]
